"cohort_id","cohort_name","json","sql"
2379,"Clozapine & Tobacco Use","{
	""cdmVersionRange"" : "">=5.0.0"",
	""PrimaryCriteria"" : {
		""CriteriaList"" : [
			{
				""DrugExposure"" : {
					""CodesetId"" : 0,
					""DrugTypeExclude"" : false
				}
			}
		],
		""ObservationWindow"" : {
			""PriorDays"" : 365,
			""PostDays"" : 180
		},
		""PrimaryCriteriaLimit"" : {
			""Type"" : ""First""
		}
	},
	""ConceptSets"" : [
		{
			""id"" : 0,
			""name"" : ""Clozapine"",
			""expression"" : {
				""items"" : [
					{
						""concept"" : {
							""CONCEPT_ID"" : 4301322,
							""CONCEPT_NAME"" : ""Clozapine"",
							""STANDARD_CONCEPT"" : ""N"",
							""STANDARD_CONCEPT_CAPTION"" : ""Non-Standard"",
							""INVALID_REASON"" : ""V"",
							""INVALID_REASON_CAPTION"" : ""Valid"",
							""CONCEPT_CODE"" : ""387568001"",
							""DOMAIN_ID"" : ""Drug"",
							""VOCABULARY_ID"" : ""SNOMED"",
							""CONCEPT_CLASS_ID"" : ""Substance""
						},
						""isExcluded"" : false,
						""includeDescendants"" : true,
						""includeMapped"" : false
					},
					{
						""concept"" : {
							""CONCEPT_ID"" : 727944,
							""CONCEPT_NAME"" : ""CLOZAPINE - clozapine tablet"",
							""STANDARD_CONCEPT"" : ""C"",
							""STANDARD_CONCEPT_CAPTION"" : ""Classification"",
							""INVALID_REASON"" : ""V"",
							""INVALID_REASON_CAPTION"" : ""Valid"",
							""CONCEPT_CODE"" : ""17cfeede-2f72-ebe4-4b63-fdd7ed149231"",
							""DOMAIN_ID"" : ""Drug"",
							""VOCABULARY_ID"" : ""SPL"",
							""CONCEPT_CLASS_ID"" : ""Prescription Drug""
						},
						""isExcluded"" : false,
						""includeDescendants"" : true,
						""includeMapped"" : false
					},
					{
						""concept"" : {
							""CONCEPT_ID"" : 749672,
							""CONCEPT_NAME"" : ""CLOZAPINE - clozapine tablet"",
							""STANDARD_CONCEPT"" : ""C"",
							""STANDARD_CONCEPT_CAPTION"" : ""Classification"",
							""INVALID_REASON"" : ""V"",
							""INVALID_REASON_CAPTION"" : ""Valid"",
							""CONCEPT_CODE"" : ""4bb4e035-7dbc-4582-8e46-3f128f6c2790"",
							""DOMAIN_ID"" : ""Drug"",
							""VOCABULARY_ID"" : ""SPL"",
							""CONCEPT_CLASS_ID"" : ""Prescription Drug""
						},
						""isExcluded"" : false,
						""includeDescendants"" : true,
						""includeMapped"" : false
					},
					{
						""concept"" : {
							""CONCEPT_ID"" : 35835430,
							""CONCEPT_NAME"" : ""CLOZAPINE - clozapine tablet"",
							""STANDARD_CONCEPT"" : ""C"",
							""STANDARD_CONCEPT_CAPTION"" : ""Classification"",
							""INVALID_REASON"" : ""V"",
							""INVALID_REASON_CAPTION"" : ""Valid"",
							""CONCEPT_CODE"" : ""baeb67d1-c4a3-533d-e053-2a95a90a51c6"",
							""DOMAIN_ID"" : ""Drug"",
							""VOCABULARY_ID"" : ""SPL"",
							""CONCEPT_CLASS_ID"" : ""Prescription Drug""
						},
						""isExcluded"" : false,
						""includeDescendants"" : true,
						""includeMapped"" : false
					},
					{
						""concept"" : {
							""CONCEPT_ID"" : 36368569,
							""CONCEPT_NAME"" : ""CLOZAPINE - clozapine tablet"",
							""STANDARD_CONCEPT"" : ""C"",
							""STANDARD_CONCEPT_CAPTION"" : ""Classification"",
							""INVALID_REASON"" : ""V"",
							""INVALID_REASON_CAPTION"" : ""Valid"",
							""CONCEPT_CODE"" : ""9db7aefb-f607-4158-a310-181e631bc648"",
							""DOMAIN_ID"" : ""Drug"",
							""VOCABULARY_ID"" : ""SPL"",
							""CONCEPT_CLASS_ID"" : ""Prescription Drug""
						},
						""isExcluded"" : false,
						""includeDescendants"" : true,
						""includeMapped"" : false
					},
					{
						""concept"" : {
							""CONCEPT_ID"" : 46291681,
							""CONCEPT_NAME"" : ""CLOZARIL - clozapine tablet"",
							""STANDARD_CONCEPT"" : ""C"",
							""STANDARD_CONCEPT_CAPTION"" : ""Classification"",
							""INVALID_REASON"" : ""V"",
							""INVALID_REASON_CAPTION"" : ""Valid"",
							""CONCEPT_CODE"" : ""0cf63b13-48b2-4b07-b241-617725b52f6b"",
							""DOMAIN_ID"" : ""Drug"",
							""VOCABULARY_ID"" : ""SPL"",
							""CONCEPT_CLASS_ID"" : ""Prescription Drug""
						},
						""isExcluded"" : false,
						""includeDescendants"" : true,
						""includeMapped"" : false
					},
					{
						""concept"" : {
							""CONCEPT_ID"" : 19081113,
							""CONCEPT_NAME"" : ""clozapine 100 MG"",
							""STANDARD_CONCEPT"" : ""S"",
							""STANDARD_CONCEPT_CAPTION"" : ""Standard"",
							""INVALID_REASON"" : ""V"",
							""INVALID_REASON_CAPTION"" : ""Valid"",
							""CONCEPT_CODE"" : ""315705"",
							""DOMAIN_ID"" : ""Drug"",
							""VOCABULARY_ID"" : ""RxNorm"",
							""CONCEPT_CLASS_ID"" : ""Clinical Drug Comp""
						},
						""isExcluded"" : false,
						""includeDescendants"" : true,
						""includeMapped"" : false
					},
					{
						""concept"" : {
							""CONCEPT_ID"" : 45779635,
							""CONCEPT_NAME"" : ""clozapine 25mg/1 / 50mg/1 / 100mg/1 ORAL TABLET"",
							""STANDARD_CONCEPT"" : ""C"",
							""STANDARD_CONCEPT_CAPTION"" : ""Classification"",
							""INVALID_REASON"" : ""V"",
							""INVALID_REASON_CAPTION"" : ""Valid"",
							""CONCEPT_CODE"" : ""0f04d6b0-8d56-4097-ace7-418d0d99f665"",
							""DOMAIN_ID"" : ""Drug"",
							""VOCABULARY_ID"" : ""SPL"",
							""CONCEPT_CLASS_ID"" : ""Prescription Drug""
						},
						""isExcluded"" : false,
						""includeDescendants"" : true,
						""includeMapped"" : false
					},
					{
						""concept"" : {
							""CONCEPT_ID"" : 36212657,
							""CONCEPT_NAME"" : ""clozapine Oral Product"",
							""STANDARD_CONCEPT"" : ""C"",
							""STANDARD_CONCEPT_CAPTION"" : ""Classification"",
							""INVALID_REASON"" : ""V"",
							""INVALID_REASON_CAPTION"" : ""Valid"",
							""CONCEPT_CODE"" : ""1153930"",
							""DOMAIN_ID"" : ""Drug"",
							""VOCABULARY_ID"" : ""RxNorm"",
							""CONCEPT_CLASS_ID"" : ""Clinical Dose Group""
						},
						""isExcluded"" : false,
						""includeDescendants"" : true,
						""includeMapped"" : false
					}
				]
			}
		},
		{
			""id"" : 2,
			""name"" : ""tobacco use"",
			""expression"" : {
				""items"" : [
					{
						""concept"" : {
							""CONCEPT_ID"" : 4219336,
							""CONCEPT_NAME"" : ""Tobacco"",
							""STANDARD_CONCEPT"" : ""S"",
							""STANDARD_CONCEPT_CAPTION"" : ""Standard"",
							""INVALID_REASON"" : ""V"",
							""INVALID_REASON_CAPTION"" : ""Valid"",
							""CONCEPT_CODE"" : ""39953003"",
							""DOMAIN_ID"" : ""Observation"",
							""VOCABULARY_ID"" : ""SNOMED"",
							""CONCEPT_CLASS_ID"" : ""Substance""
						},
						""isExcluded"" : false,
						""includeDescendants"" : true,
						""includeMapped"" : false
					},
					{
						""concept"" : {
							""CONCEPT_ID"" : 3229143,
							""CONCEPT_NAME"" : ""Tobacco - substance"",
							""STANDARD_CONCEPT"" : ""N"",
							""STANDARD_CONCEPT_CAPTION"" : ""Non-Standard"",
							""INVALID_REASON"" : ""V"",
							""INVALID_REASON_CAPTION"" : ""Valid"",
							""CONCEPT_CODE"" : ""39953003"",
							""DOMAIN_ID"" : ""Observation"",
							""VOCABULARY_ID"" : ""Nebraska Lexicon"",
							""CONCEPT_CLASS_ID"" : ""Substance""
						},
						""isExcluded"" : false,
						""includeDescendants"" : true,
						""includeMapped"" : false
					},
					{
						""concept"" : {
							""CONCEPT_ID"" : 3323369,
							""CONCEPT_NAME"" : ""Snuff tobacco"",
							""STANDARD_CONCEPT"" : ""N"",
							""STANDARD_CONCEPT_CAPTION"" : ""Non-Standard"",
							""INVALID_REASON"" : ""V"",
							""INVALID_REASON_CAPTION"" : ""Valid"",
							""CONCEPT_CODE"" : ""39789004"",
							""DOMAIN_ID"" : ""Observation"",
							""VOCABULARY_ID"" : ""Nebraska Lexicon"",
							""CONCEPT_CLASS_ID"" : ""Substance""
						},
						""isExcluded"" : false,
						""includeDescendants"" : true,
						""includeMapped"" : false
					},
					{
						""concept"" : {
							""CONCEPT_ID"" : 4218197,
							""CONCEPT_NAME"" : ""Snuff tobacco"",
							""STANDARD_CONCEPT"" : ""S"",
							""STANDARD_CONCEPT_CAPTION"" : ""Standard"",
							""INVALID_REASON"" : ""V"",
							""INVALID_REASON_CAPTION"" : ""Valid"",
							""CONCEPT_CODE"" : ""39789004"",
							""DOMAIN_ID"" : ""Observation"",
							""VOCABULARY_ID"" : ""SNOMED"",
							""CONCEPT_CLASS_ID"" : ""Substance""
						},
						""isExcluded"" : false,
						""includeDescendants"" : true,
						""includeMapped"" : false
					},
					{
						""concept"" : {
							""CONCEPT_ID"" : 3343185,
							""CONCEPT_NAME"" : ""Tobacco smoke"",
							""STANDARD_CONCEPT"" : ""N"",
							""STANDARD_CONCEPT_CAPTION"" : ""Non-Standard"",
							""INVALID_REASON"" : ""V"",
							""INVALID_REASON_CAPTION"" : ""Valid"",
							""CONCEPT_CODE"" : ""102407002"",
							""DOMAIN_ID"" : ""Observation"",
							""VOCABULARY_ID"" : ""Nebraska Lexicon"",
							""CONCEPT_CLASS_ID"" : ""Substance""
						},
						""isExcluded"" : false,
						""includeDescendants"" : true,
						""includeMapped"" : false
					},
					{
						""concept"" : {
							""CONCEPT_ID"" : 4010813,
							""CONCEPT_NAME"" : ""Tobacco smoke"",
							""STANDARD_CONCEPT"" : ""S"",
							""STANDARD_CONCEPT_CAPTION"" : ""Standard"",
							""INVALID_REASON"" : ""V"",
							""INVALID_REASON_CAPTION"" : ""Valid"",
							""CONCEPT_CODE"" : ""102407002"",
							""DOMAIN_ID"" : ""Observation"",
							""VOCABULARY_ID"" : ""SNOMED"",
							""CONCEPT_CLASS_ID"" : ""Substance""
						},
						""isExcluded"" : false,
						""includeDescendants"" : true,
						""includeMapped"" : false
					}
				]
			}
		},
		{
			""id"" : 3,
			""name"" : ""Psychotropics"",
			""expression"" : {
				""items"" : [
					{
						""concept"" : {
							""CONCEPT_ID"" : 3449767,
							""CONCEPT_NAME"" : ""On psychotropic medication"",
							""STANDARD_CONCEPT"" : ""N"",
							""STANDARD_CONCEPT_CAPTION"" : ""Non-Standard"",
							""INVALID_REASON"" : ""V"",
							""INVALID_REASON_CAPTION"" : ""Valid"",
							""CONCEPT_CODE"" : ""705024000"",
							""DOMAIN_ID"" : ""Observation"",
							""VOCABULARY_ID"" : ""Nebraska Lexicon"",
							""CONCEPT_CLASS_ID"" : ""Clinical Finding""
						},
						""isExcluded"" : false,
						""includeDescendants"" : true,
						""includeMapped"" : false
					},
					{
						""concept"" : {
							""CONCEPT_ID"" : 45767570,
							""CONCEPT_NAME"" : ""On psychotropic medication"",
							""STANDARD_CONCEPT"" : ""S"",
							""STANDARD_CONCEPT_CAPTION"" : ""Standard"",
							""INVALID_REASON"" : ""V"",
							""INVALID_REASON_CAPTION"" : ""Valid"",
							""CONCEPT_CODE"" : ""705024000"",
							""DOMAIN_ID"" : ""Observation"",
							""VOCABULARY_ID"" : ""SNOMED"",
							""CONCEPT_CLASS_ID"" : ""Clinical Finding""
						},
						""isExcluded"" : false,
						""includeDescendants"" : true,
						""includeMapped"" : false
					}
				]
			}
		},
		{
			""id"" : 4,
			""name"" : ""tobacco use 2"",
			""expression"" : {
				""items"" : [
					{
						""concept"" : {
							""CONCEPT_ID"" : 4219336,
							""CONCEPT_NAME"" : ""Tobacco"",
							""STANDARD_CONCEPT"" : ""S"",
							""STANDARD_CONCEPT_CAPTION"" : ""Standard"",
							""INVALID_REASON"" : ""V"",
							""INVALID_REASON_CAPTION"" : ""Valid"",
							""CONCEPT_CODE"" : ""39953003"",
							""DOMAIN_ID"" : ""Observation"",
							""VOCABULARY_ID"" : ""SNOMED"",
							""CONCEPT_CLASS_ID"" : ""Substance""
						},
						""isExcluded"" : false,
						""includeDescendants"" : true,
						""includeMapped"" : false
					},
					{
						""concept"" : {
							""CONCEPT_ID"" : 3229143,
							""CONCEPT_NAME"" : ""Tobacco - substance"",
							""STANDARD_CONCEPT"" : ""N"",
							""STANDARD_CONCEPT_CAPTION"" : ""Non-Standard"",
							""INVALID_REASON"" : ""V"",
							""INVALID_REASON_CAPTION"" : ""Valid"",
							""CONCEPT_CODE"" : ""39953003"",
							""DOMAIN_ID"" : ""Observation"",
							""VOCABULARY_ID"" : ""Nebraska Lexicon"",
							""CONCEPT_CLASS_ID"" : ""Substance""
						},
						""isExcluded"" : false,
						""includeDescendants"" : true,
						""includeMapped"" : false
					},
					{
						""concept"" : {
							""CONCEPT_ID"" : 3323369,
							""CONCEPT_NAME"" : ""Snuff tobacco"",
							""STANDARD_CONCEPT"" : ""N"",
							""STANDARD_CONCEPT_CAPTION"" : ""Non-Standard"",
							""INVALID_REASON"" : ""V"",
							""INVALID_REASON_CAPTION"" : ""Valid"",
							""CONCEPT_CODE"" : ""39789004"",
							""DOMAIN_ID"" : ""Observation"",
							""VOCABULARY_ID"" : ""Nebraska Lexicon"",
							""CONCEPT_CLASS_ID"" : ""Substance""
						},
						""isExcluded"" : false,
						""includeDescendants"" : true,
						""includeMapped"" : false
					},
					{
						""concept"" : {
							""CONCEPT_ID"" : 4218197,
							""CONCEPT_NAME"" : ""Snuff tobacco"",
							""STANDARD_CONCEPT"" : ""S"",
							""STANDARD_CONCEPT_CAPTION"" : ""Standard"",
							""INVALID_REASON"" : ""V"",
							""INVALID_REASON_CAPTION"" : ""Valid"",
							""CONCEPT_CODE"" : ""39789004"",
							""DOMAIN_ID"" : ""Observation"",
							""VOCABULARY_ID"" : ""SNOMED"",
							""CONCEPT_CLASS_ID"" : ""Substance""
						},
						""isExcluded"" : false,
						""includeDescendants"" : true,
						""includeMapped"" : false
					},
					{
						""concept"" : {
							""CONCEPT_ID"" : 3343185,
							""CONCEPT_NAME"" : ""Tobacco smoke"",
							""STANDARD_CONCEPT"" : ""N"",
							""STANDARD_CONCEPT_CAPTION"" : ""Non-Standard"",
							""INVALID_REASON"" : ""V"",
							""INVALID_REASON_CAPTION"" : ""Valid"",
							""CONCEPT_CODE"" : ""102407002"",
							""DOMAIN_ID"" : ""Observation"",
							""VOCABULARY_ID"" : ""Nebraska Lexicon"",
							""CONCEPT_CLASS_ID"" : ""Substance""
						},
						""isExcluded"" : false,
						""includeDescendants"" : true,
						""includeMapped"" : false
					},
					{
						""concept"" : {
							""CONCEPT_ID"" : 4010813,
							""CONCEPT_NAME"" : ""Tobacco smoke"",
							""STANDARD_CONCEPT"" : ""S"",
							""STANDARD_CONCEPT_CAPTION"" : ""Standard"",
							""INVALID_REASON"" : ""V"",
							""INVALID_REASON_CAPTION"" : ""Valid"",
							""CONCEPT_CODE"" : ""102407002"",
							""DOMAIN_ID"" : ""Observation"",
							""VOCABULARY_ID"" : ""SNOMED"",
							""CONCEPT_CLASS_ID"" : ""Substance""
						},
						""isExcluded"" : false,
						""includeDescendants"" : true,
						""includeMapped"" : false
					},
					{
						""concept"" : {
							""CONCEPT_ID"" : 4275495,
							""CONCEPT_NAME"" : ""Tobacco smoking behavior - finding"",
							""STANDARD_CONCEPT"" : ""S"",
							""STANDARD_CONCEPT_CAPTION"" : ""Standard"",
							""INVALID_REASON"" : ""V"",
							""INVALID_REASON_CAPTION"" : ""Valid"",
							""CONCEPT_CODE"" : ""365981007"",
							""DOMAIN_ID"" : ""Observation"",
							""VOCABULARY_ID"" : ""SNOMED"",
							""CONCEPT_CLASS_ID"" : ""Clinical Finding""
						},
						""isExcluded"" : false,
						""includeDescendants"" : true,
						""includeMapped"" : false
					},
					{
						""concept"" : {
							""CONCEPT_ID"" : 35225271,
							""CONCEPT_NAME"" : ""Tobacco use"",
							""STANDARD_CONCEPT"" : ""N"",
							""STANDARD_CONCEPT_CAPTION"" : ""Non-Standard"",
							""INVALID_REASON"" : ""V"",
							""INVALID_REASON_CAPTION"" : ""Valid"",
							""CONCEPT_CODE"" : ""Z72.0"",
							""DOMAIN_ID"" : ""Observation"",
							""VOCABULARY_ID"" : ""ICD10CM"",
							""CONCEPT_CLASS_ID"" : ""4-char billing code""
						},
						""isExcluded"" : false,
						""includeDescendants"" : true,
						""includeMapped"" : false
					},
					{
						""concept"" : {
							""CONCEPT_ID"" : 4268843,
							""CONCEPT_NAME"" : ""Tobacco use and exposure - finding"",
							""STANDARD_CONCEPT"" : ""S"",
							""STANDARD_CONCEPT_CAPTION"" : ""Standard"",
							""INVALID_REASON"" : ""V"",
							""INVALID_REASON_CAPTION"" : ""Valid"",
							""CONCEPT_CODE"" : ""365980008"",
							""DOMAIN_ID"" : ""Observation"",
							""VOCABULARY_ID"" : ""SNOMED"",
							""CONCEPT_CLASS_ID"" : ""Clinical Finding""
						},
						""isExcluded"" : false,
						""includeDescendants"" : true,
						""includeMapped"" : false
					},
					{
						""concept"" : {
							""CONCEPT_ID"" : 4005823,
							""CONCEPT_NAME"" : ""Tobacco user"",
							""STANDARD_CONCEPT"" : ""S"",
							""STANDARD_CONCEPT_CAPTION"" : ""Standard"",
							""INVALID_REASON"" : ""V"",
							""INVALID_REASON_CAPTION"" : ""Valid"",
							""CONCEPT_CODE"" : ""110483000"",
							""DOMAIN_ID"" : ""Observation"",
							""VOCABULARY_ID"" : ""SNOMED"",
							""CONCEPT_CLASS_ID"" : ""Clinical Finding""
						},
						""isExcluded"" : false,
						""includeDescendants"" : true,
						""includeMapped"" : false
					}
				]
			}
		},
		{
			""id"" : 5,
			""name"" : ""Non-clozapine Psychotic Symptom Treatment"",
			""expression"" : {
				""items"" : [
					{
						""concept"" : {
							""CONCEPT_ID"" : 35606386,
							""CONCEPT_NAME"" : ""risperidone Injection [Risperdal]"",
							""STANDARD_CONCEPT"" : ""S"",
							""STANDARD_CONCEPT_CAPTION"" : ""Standard"",
							""INVALID_REASON"" : ""V"",
							""INVALID_REASON_CAPTION"" : ""Valid"",
							""CONCEPT_CODE"" : ""1743577"",
							""DOMAIN_ID"" : ""Drug"",
							""VOCABULARY_ID"" : ""RxNorm"",
							""CONCEPT_CLASS_ID"" : ""Branded Drug Form""
						},
						""isExcluded"" : false,
						""includeDescendants"" : true,
						""includeMapped"" : false
					},
					{
						""concept"" : {
							""CONCEPT_ID"" : 35603053,
							""CONCEPT_NAME"" : ""olanzapine Injection [Zyprexa]"",
							""STANDARD_CONCEPT"" : ""S"",
							""STANDARD_CONCEPT_CAPTION"" : ""Standard"",
							""INVALID_REASON"" : ""V"",
							""INVALID_REASON_CAPTION"" : ""Valid"",
							""CONCEPT_CODE"" : ""1718927"",
							""DOMAIN_ID"" : ""Drug"",
							""VOCABULARY_ID"" : ""RxNorm"",
							""CONCEPT_CLASS_ID"" : ""Branded Drug Form""
						},
						""isExcluded"" : false,
						""includeDescendants"" : true,
						""includeMapped"" : false
					},
					{
						""concept"" : {
							""CONCEPT_ID"" : 46275749,
							""CONCEPT_NAME"" : ""aripiprazole Injection [Abilify]"",
							""STANDARD_CONCEPT"" : ""S"",
							""STANDARD_CONCEPT_CAPTION"" : ""Standard"",
							""INVALID_REASON"" : ""V"",
							""INVALID_REASON_CAPTION"" : ""Valid"",
							""CONCEPT_CODE"" : ""1659784"",
							""DOMAIN_ID"" : ""Drug"",
							""VOCABULARY_ID"" : ""RxNorm"",
							""CONCEPT_CLASS_ID"" : ""Branded Drug Form""
						},
						""isExcluded"" : false,
						""includeDescendants"" : true,
						""includeMapped"" : false
					},
					{
						""concept"" : {
							""CONCEPT_ID"" : 35604630,
							""CONCEPT_NAME"" : ""ziprasidone Injection [Geodon]"",
							""STANDARD_CONCEPT"" : ""S"",
							""STANDARD_CONCEPT_CAPTION"" : ""Standard"",
							""INVALID_REASON"" : ""V"",
							""INVALID_REASON_CAPTION"" : ""Valid"",
							""CONCEPT_CODE"" : ""1727277"",
							""DOMAIN_ID"" : ""Drug"",
							""VOCABULARY_ID"" : ""RxNorm"",
							""CONCEPT_CLASS_ID"" : ""Branded Drug Form""
						},
						""isExcluded"" : false,
						""includeDescendants"" : true,
						""includeMapped"" : false
					},
					{
						""concept"" : {
							""CONCEPT_ID"" : 43296387,
							""CONCEPT_NAME"" : ""paliperidone Injection [Invega]"",
							""STANDARD_CONCEPT"" : ""S"",
							""STANDARD_CONCEPT_CAPTION"" : ""Standard"",
							""INVALID_REASON"" : ""V"",
							""INVALID_REASON_CAPTION"" : ""Valid"",
							""CONCEPT_CODE"" : ""OMOP556493"",
							""DOMAIN_ID"" : ""Drug"",
							""VOCABULARY_ID"" : ""RxNorm Extension"",
							""CONCEPT_CLASS_ID"" : ""Branded Drug Form""
						},
						""isExcluded"" : false,
						""includeDescendants"" : true,
						""includeMapped"" : false
					},
					{
						""concept"" : {
							""CONCEPT_ID"" : 40230763,
							""CONCEPT_NAME"" : ""lurasidone Oral Tablet [Latuda]"",
							""STANDARD_CONCEPT"" : ""S"",
							""STANDARD_CONCEPT_CAPTION"" : ""Standard"",
							""INVALID_REASON"" : ""V"",
							""INVALID_REASON_CAPTION"" : ""Valid"",
							""CONCEPT_CODE"" : ""1040035"",
							""DOMAIN_ID"" : ""Drug"",
							""VOCABULARY_ID"" : ""RxNorm"",
							""CONCEPT_CLASS_ID"" : ""Branded Drug Form""
						},
						""isExcluded"" : false,
						""includeDescendants"" : true,
						""includeMapped"" : false
					}
				]
			}
		}
	],
	""QualifiedLimit"" : {
		""Type"" : ""First""
	},
	""ExpressionLimit"" : {
		""Type"" : ""First""
	},
	""InclusionRules"" : [
		{
			""name"" : ""Age"",
			""description"" : ""18+"",
			""expression"" : {
				""Type"" : ""ALL"",
				""CriteriaList"" : [
					{
						""Criteria"" : {
							""Observation"" : {
								""ObservationTypeExclude"" : false
							}
						},
						""StartWindow"" : {
							""Start"" : {
								""Coeff"" : -1
							},
							""End"" : {
								""Coeff"" : 1
							},
							""UseIndexEnd"" : false,
							""UseEventEnd"" : false
						},
						""RestrictVisit"" : false,
						""IgnoreObservationPeriod"" : false,
						""Occurrence"" : {
							""Type"" : 2,
							""Count"" : 1,
							""IsDistinct"" : false
						}
					}
				],
				""DemographicCriteriaList"" : [
					{
						""Age"" : {
							""Value"" : 17,
							""Op"" : ""gt""
						}
					}
				],
				""Groups"" : []
			}
		},
		{
			""name"" : ""current tobacco use"",
			""expression"" : {
				""Type"" : ""ALL"",
				""CriteriaList"" : [
					{
						""Criteria"" : {
							""Observation"" : {
								""CodesetId"" : 4,
								""ObservationTypeExclude"" : false
							}
						},
						""StartWindow"" : {
							""Start"" : {
								""Days"" : 21,
								""Coeff"" : -1
							},
							""End"" : {
								""Coeff"" : 1
							},
							""UseIndexEnd"" : false,
							""UseEventEnd"" : false
						},
						""RestrictVisit"" : false,
						""IgnoreObservationPeriod"" : false,
						""Occurrence"" : {
							""Type"" : 2,
							""Count"" : 1,
							""IsDistinct"" : false
						}
					}
				],
				""DemographicCriteriaList"" : [],
				""Groups"" : []
			}
		},
		{
			""name"" : ""No psychotropics"",
			""expression"" : {
				""Type"" : ""ALL"",
				""CriteriaList"" : [
					{
						""Criteria"" : {
							""DrugExposure"" : {
								""CodesetId"" : 3,
								""DrugTypeExclude"" : false
							}
						},
						""StartWindow"" : {
							""Start"" : {
								""Coeff"" : -1
							},
							""End"" : {
								""Coeff"" : 1
							},
							""UseIndexEnd"" : false,
							""UseEventEnd"" : false
						},
						""RestrictVisit"" : false,
						""IgnoreObservationPeriod"" : false,
						""Occurrence"" : {
							""Type"" : 0,
							""Count"" : 0,
							""IsDistinct"" : false
						}
					}
				],
				""DemographicCriteriaList"" : [],
				""Groups"" : []
			}
		},
		{
			""name"" : ""No other treatments"",
			""description"" : ""no medication besides clozapine treating psychotic symptoms"",
			""expression"" : {
				""Type"" : ""ALL"",
				""CriteriaList"" : [
					{
						""Criteria"" : {
							""DrugExposure"" : {
								""CodesetId"" : 5,
								""DrugTypeExclude"" : false
							}
						},
						""StartWindow"" : {
							""Start"" : {
								""Coeff"" : -1
							},
							""End"" : {
								""Coeff"" : 1
							},
							""UseIndexEnd"" : false,
							""UseEventEnd"" : false
						},
						""RestrictVisit"" : false,
						""IgnoreObservationPeriod"" : false,
						""Occurrence"" : {
							""Type"" : 0,
							""Count"" : 0,
							""IsDistinct"" : false
						}
					}
				],
				""DemographicCriteriaList"" : [],
				""Groups"" : []
			}
		}
	],
	""EndStrategy"" : {
		""CustomEra"" : {
			""DrugCodesetId"" : 0,
			""GapDays"" : 0,
			""Offset"" : 0
		}
	},
	""CensoringCriteria"" : [],
	""CollapseSettings"" : {
		""CollapseType"" : ""ERA"",
		""EraPad"" : 0
	},
	""CensorWindow"" : {}
}","CREATE TABLE #Codesets (
  codeset_id int NOT NULL,
  concept_id bigint NOT NULL
)
;

INSERT INTO #Codesets (codeset_id, concept_id)
SELECT 0 as codeset_id, c.concept_id FROM (select distinct I.concept_id FROM
( 
  select concept_id from @vocabulary_database_schema.CONCEPT where concept_id in (4301322,727944,749672,35835430,36368569,46291681,19081113,45779635,36212657)
UNION  select c.concept_id
  from @vocabulary_database_schema.CONCEPT c
  join @vocabulary_database_schema.CONCEPT_ANCESTOR ca on c.concept_id = ca.descendant_concept_id
  and ca.ancestor_concept_id in (4301322,727944,749672,35835430,36368569,46291681,19081113,45779635,36212657)
  and c.invalid_reason is null

) I
) C UNION ALL 
SELECT 2 as codeset_id, c.concept_id FROM (select distinct I.concept_id FROM
( 
  select concept_id from @vocabulary_database_schema.CONCEPT where concept_id in (4219336,3229143,3323369,4218197,3343185,4010813)
UNION  select c.concept_id
  from @vocabulary_database_schema.CONCEPT c
  join @vocabulary_database_schema.CONCEPT_ANCESTOR ca on c.concept_id = ca.descendant_concept_id
  and ca.ancestor_concept_id in (4219336,3229143,3323369,4218197,3343185,4010813)
  and c.invalid_reason is null

) I
) C UNION ALL 
SELECT 3 as codeset_id, c.concept_id FROM (select distinct I.concept_id FROM
( 
  select concept_id from @vocabulary_database_schema.CONCEPT where concept_id in (3449767,45767570)
UNION  select c.concept_id
  from @vocabulary_database_schema.CONCEPT c
  join @vocabulary_database_schema.CONCEPT_ANCESTOR ca on c.concept_id = ca.descendant_concept_id
  and ca.ancestor_concept_id in (3449767,45767570)
  and c.invalid_reason is null

) I
) C UNION ALL 
SELECT 4 as codeset_id, c.concept_id FROM (select distinct I.concept_id FROM
( 
  select concept_id from @vocabulary_database_schema.CONCEPT where concept_id in (4219336,3229143,3323369,4218197,3343185,4010813,4275495,35225271,4268843,4005823)
UNION  select c.concept_id
  from @vocabulary_database_schema.CONCEPT c
  join @vocabulary_database_schema.CONCEPT_ANCESTOR ca on c.concept_id = ca.descendant_concept_id
  and ca.ancestor_concept_id in (4219336,3229143,3323369,4218197,3343185,4010813,4275495,35225271,4268843,4005823)
  and c.invalid_reason is null

) I
) C UNION ALL 
SELECT 5 as codeset_id, c.concept_id FROM (select distinct I.concept_id FROM
( 
  select concept_id from @vocabulary_database_schema.CONCEPT where concept_id in (35606386,35603053,46275749,35604630,43296387,40230763)
UNION  select c.concept_id
  from @vocabulary_database_schema.CONCEPT c
  join @vocabulary_database_schema.CONCEPT_ANCESTOR ca on c.concept_id = ca.descendant_concept_id
  and ca.ancestor_concept_id in (35606386,35603053,46275749,35604630,43296387,40230763)
  and c.invalid_reason is null

) I
) C
;

with primary_events (event_id, person_id, start_date, end_date, op_start_date, op_end_date, visit_occurrence_id) as
(
-- Begin Primary Events
select P.ordinal as event_id, P.person_id, P.start_date, P.end_date, op_start_date, op_end_date, cast(P.visit_occurrence_id as bigint) as visit_occurrence_id
FROM
(
  select E.person_id, E.start_date, E.end_date,
         row_number() OVER (PARTITION BY E.person_id ORDER BY E.sort_date ASC) ordinal,
         OP.observation_period_start_date as op_start_date, OP.observation_period_end_date as op_end_date, cast(E.visit_occurrence_id as bigint) as visit_occurrence_id
  FROM 
  (
  -- Begin Drug Exposure Criteria
select C.person_id, C.drug_exposure_id as event_id, C.drug_exposure_start_date as start_date,
       COALESCE(C.DRUG_EXPOSURE_END_DATE, DATEADD(day,C.DAYS_SUPPLY,DRUG_EXPOSURE_START_DATE), DATEADD(day,1,C.DRUG_EXPOSURE_START_DATE)) as end_date,
       C.visit_occurrence_id,C.drug_exposure_start_date as sort_date
from 
(
  select de.* 
  FROM @cdm_database_schema.DRUG_EXPOSURE de
JOIN #Codesets cs on (de.drug_concept_id = cs.concept_id and cs.codeset_id = 0)
) C


-- End Drug Exposure Criteria

  ) E
	JOIN @cdm_database_schema.observation_period OP on E.person_id = OP.person_id and E.start_date >=  OP.observation_period_start_date and E.start_date <= op.observation_period_end_date
  WHERE DATEADD(day,365,OP.OBSERVATION_PERIOD_START_DATE) <= E.START_DATE AND DATEADD(day,180,E.START_DATE) <= OP.OBSERVATION_PERIOD_END_DATE
) P
WHERE P.ordinal = 1
-- End Primary Events

)
SELECT event_id, person_id, start_date, end_date, op_start_date, op_end_date, visit_occurrence_id
INTO #qualified_events
FROM 
(
  select pe.event_id, pe.person_id, pe.start_date, pe.end_date, pe.op_start_date, pe.op_end_date, row_number() over (partition by pe.person_id order by pe.start_date ASC) as ordinal, cast(pe.visit_occurrence_id as bigint) as visit_occurrence_id
  FROM primary_events pe
  
) QE

;

--- Inclusion Rule Inserts

select 0 as inclusion_rule_id, person_id, event_id
INTO #Inclusion_0
FROM 
(
  select pe.person_id, pe.event_id
  FROM #qualified_events pe
  
JOIN (
-- Begin Criteria Group
select 0 as index_id, person_id, event_id
FROM
(
  select E.person_id, E.event_id 
  FROM #qualified_events E
  INNER JOIN
  (
    -- Begin Correlated Criteria
select 0 as index_id, cc.person_id, cc.event_id
from (SELECT p.person_id, p.event_id 
FROM #qualified_events P
JOIN (
  -- Begin Observation Criteria
select C.person_id, C.observation_id as event_id, C.observation_date as start_date, DATEADD(d,1,C.observation_date) as END_DATE,
       C.visit_occurrence_id, C.observation_date as sort_date
from 
(
  select o.* 
  FROM @cdm_database_schema.OBSERVATION o

) C


-- End Observation Criteria

) A on A.person_id = P.person_id  AND A.START_DATE >= P.OP_START_DATE AND A.START_DATE <= P.OP_END_DATE AND A.START_DATE >= P.OP_START_DATE AND A.START_DATE <= P.OP_END_DATE ) cc 
GROUP BY cc.person_id, cc.event_id
HAVING COUNT(cc.event_id) >= 1
-- End Correlated Criteria

UNION ALL
-- Begin Demographic Criteria
SELECT 1 as index_id, e.person_id, e.event_id
FROM #qualified_events E
JOIN @cdm_database_schema.PERSON P ON P.PERSON_ID = E.PERSON_ID
WHERE YEAR(E.start_date) - P.year_of_birth > 17
GROUP BY e.person_id, e.event_id
-- End Demographic Criteria

  ) CQ on E.person_id = CQ.person_id and E.event_id = CQ.event_id
  GROUP BY E.person_id, E.event_id
  HAVING COUNT(index_id) = 2
) G
-- End Criteria Group
) AC on AC.person_id = pe.person_id AND AC.event_id = pe.event_id
) Results
;

select 1 as inclusion_rule_id, person_id, event_id
INTO #Inclusion_1
FROM 
(
  select pe.person_id, pe.event_id
  FROM #qualified_events pe
  
JOIN (
-- Begin Criteria Group
select 0 as index_id, person_id, event_id
FROM
(
  select E.person_id, E.event_id 
  FROM #qualified_events E
  INNER JOIN
  (
    -- Begin Correlated Criteria
select 0 as index_id, cc.person_id, cc.event_id
from (SELECT p.person_id, p.event_id 
FROM #qualified_events P
JOIN (
  -- Begin Observation Criteria
select C.person_id, C.observation_id as event_id, C.observation_date as start_date, DATEADD(d,1,C.observation_date) as END_DATE,
       C.visit_occurrence_id, C.observation_date as sort_date
from 
(
  select o.* 
  FROM @cdm_database_schema.OBSERVATION o
JOIN #Codesets cs on (o.observation_concept_id = cs.concept_id and cs.codeset_id = 4)
) C


-- End Observation Criteria

) A on A.person_id = P.person_id  AND A.START_DATE >= P.OP_START_DATE AND A.START_DATE <= P.OP_END_DATE AND A.START_DATE >= DATEADD(day,-21,P.START_DATE) AND A.START_DATE <= P.OP_END_DATE ) cc 
GROUP BY cc.person_id, cc.event_id
HAVING COUNT(cc.event_id) >= 1
-- End Correlated Criteria

  ) CQ on E.person_id = CQ.person_id and E.event_id = CQ.event_id
  GROUP BY E.person_id, E.event_id
  HAVING COUNT(index_id) = 1
) G
-- End Criteria Group
) AC on AC.person_id = pe.person_id AND AC.event_id = pe.event_id
) Results
;

select 2 as inclusion_rule_id, person_id, event_id
INTO #Inclusion_2
FROM 
(
  select pe.person_id, pe.event_id
  FROM #qualified_events pe
  
JOIN (
-- Begin Criteria Group
select 0 as index_id, person_id, event_id
FROM
(
  select E.person_id, E.event_id 
  FROM #qualified_events E
  INNER JOIN
  (
    -- Begin Correlated Criteria
select 0 as index_id, p.person_id, p.event_id
from #qualified_events p
LEFT JOIN (
SELECT p.person_id, p.event_id 
FROM #qualified_events P
JOIN (
  -- Begin Drug Exposure Criteria
select C.person_id, C.drug_exposure_id as event_id, C.drug_exposure_start_date as start_date,
       COALESCE(C.DRUG_EXPOSURE_END_DATE, DATEADD(day,C.DAYS_SUPPLY,DRUG_EXPOSURE_START_DATE), DATEADD(day,1,C.DRUG_EXPOSURE_START_DATE)) as end_date,
       C.visit_occurrence_id,C.drug_exposure_start_date as sort_date
from 
(
  select de.* 
  FROM @cdm_database_schema.DRUG_EXPOSURE de
JOIN #Codesets cs on (de.drug_concept_id = cs.concept_id and cs.codeset_id = 3)
) C


-- End Drug Exposure Criteria

) A on A.person_id = P.person_id  AND A.START_DATE >= P.OP_START_DATE AND A.START_DATE <= P.OP_END_DATE AND A.START_DATE >= P.OP_START_DATE AND A.START_DATE <= P.OP_END_DATE ) cc on p.person_id = cc.person_id and p.event_id = cc.event_id
GROUP BY p.person_id, p.event_id
HAVING COUNT(cc.event_id) = 0
-- End Correlated Criteria

  ) CQ on E.person_id = CQ.person_id and E.event_id = CQ.event_id
  GROUP BY E.person_id, E.event_id
  HAVING COUNT(index_id) = 1
) G
-- End Criteria Group
) AC on AC.person_id = pe.person_id AND AC.event_id = pe.event_id
) Results
;

select 3 as inclusion_rule_id, person_id, event_id
INTO #Inclusion_3
FROM 
(
  select pe.person_id, pe.event_id
  FROM #qualified_events pe
  
JOIN (
-- Begin Criteria Group
select 0 as index_id, person_id, event_id
FROM
(
  select E.person_id, E.event_id 
  FROM #qualified_events E
  INNER JOIN
  (
    -- Begin Correlated Criteria
select 0 as index_id, p.person_id, p.event_id
from #qualified_events p
LEFT JOIN (
SELECT p.person_id, p.event_id 
FROM #qualified_events P
JOIN (
  -- Begin Drug Exposure Criteria
select C.person_id, C.drug_exposure_id as event_id, C.drug_exposure_start_date as start_date,
       COALESCE(C.DRUG_EXPOSURE_END_DATE, DATEADD(day,C.DAYS_SUPPLY,DRUG_EXPOSURE_START_DATE), DATEADD(day,1,C.DRUG_EXPOSURE_START_DATE)) as end_date,
       C.visit_occurrence_id,C.drug_exposure_start_date as sort_date
from 
(
  select de.* 
  FROM @cdm_database_schema.DRUG_EXPOSURE de
JOIN #Codesets cs on (de.drug_concept_id = cs.concept_id and cs.codeset_id = 5)
) C


-- End Drug Exposure Criteria

) A on A.person_id = P.person_id  AND A.START_DATE >= P.OP_START_DATE AND A.START_DATE <= P.OP_END_DATE AND A.START_DATE >= P.OP_START_DATE AND A.START_DATE <= P.OP_END_DATE ) cc on p.person_id = cc.person_id and p.event_id = cc.event_id
GROUP BY p.person_id, p.event_id
HAVING COUNT(cc.event_id) = 0
-- End Correlated Criteria

  ) CQ on E.person_id = CQ.person_id and E.event_id = CQ.event_id
  GROUP BY E.person_id, E.event_id
  HAVING COUNT(index_id) = 1
) G
-- End Criteria Group
) AC on AC.person_id = pe.person_id AND AC.event_id = pe.event_id
) Results
;

SELECT inclusion_rule_id, person_id, event_id
INTO #inclusion_events
FROM (select inclusion_rule_id, person_id, event_id from #Inclusion_0
UNION ALL
select inclusion_rule_id, person_id, event_id from #Inclusion_1
UNION ALL
select inclusion_rule_id, person_id, event_id from #Inclusion_2
UNION ALL
select inclusion_rule_id, person_id, event_id from #Inclusion_3) I;
TRUNCATE TABLE #Inclusion_0;
DROP TABLE #Inclusion_0;

TRUNCATE TABLE #Inclusion_1;
DROP TABLE #Inclusion_1;

TRUNCATE TABLE #Inclusion_2;
DROP TABLE #Inclusion_2;

TRUNCATE TABLE #Inclusion_3;
DROP TABLE #Inclusion_3;


with cteIncludedEvents(event_id, person_id, start_date, end_date, op_start_date, op_end_date, ordinal) as
(
  SELECT event_id, person_id, start_date, end_date, op_start_date, op_end_date, row_number() over (partition by person_id order by start_date ASC) as ordinal
  from
  (
    select Q.event_id, Q.person_id, Q.start_date, Q.end_date, Q.op_start_date, Q.op_end_date, SUM(coalesce(POWER(cast(2 as bigint), I.inclusion_rule_id), 0)) as inclusion_rule_mask
    from #qualified_events Q
    LEFT JOIN #inclusion_events I on I.person_id = Q.person_id and I.event_id = Q.event_id
    GROUP BY Q.event_id, Q.person_id, Q.start_date, Q.end_date, Q.op_start_date, Q.op_end_date
  ) MG -- matching groups

  -- the matching group with all bits set ( POWER(2,# of inclusion rules) - 1 = inclusion_rule_mask
  WHERE (MG.inclusion_rule_mask = POWER(cast(2 as bigint),4)-1)

)
select event_id, person_id, start_date, end_date, op_start_date, op_end_date
into #included_events
FROM cteIncludedEvents Results
WHERE Results.ordinal = 1
;

-- custom era strategy

with ctePersons(person_id) as (
	select distinct person_id from #included_events
)

select person_id, drug_exposure_start_date, drug_exposure_end_date
INTO #drugTarget
FROM (
	select de.PERSON_ID, DRUG_EXPOSURE_START_DATE, COALESCE(DRUG_EXPOSURE_END_DATE, DATEADD(day,DAYS_SUPPLY,DRUG_EXPOSURE_START_DATE), DATEADD(day,1,DRUG_EXPOSURE_START_DATE)) as DRUG_EXPOSURE_END_DATE 
	FROM @cdm_database_schema.DRUG_EXPOSURE de
	JOIN ctePersons p on de.person_id = p.person_id
	JOIN #Codesets cs on cs.codeset_id = 0 AND de.drug_concept_id = cs.concept_id

	UNION ALL

	select de.PERSON_ID, DRUG_EXPOSURE_START_DATE, COALESCE(DRUG_EXPOSURE_END_DATE, DATEADD(day,DAYS_SUPPLY,DRUG_EXPOSURE_START_DATE), DATEADD(day,1,DRUG_EXPOSURE_START_DATE)) as DRUG_EXPOSURE_END_DATE 
	FROM @cdm_database_schema.DRUG_EXPOSURE de
	JOIN ctePersons p on de.person_id = p.person_id
	JOIN #Codesets cs on cs.codeset_id = 0 AND de.drug_source_concept_id = cs.concept_id
) E
;

select et.event_id, et.person_id, ERAS.era_end_date as end_date
INTO #strategy_ends
from #included_events et
JOIN 
(
  select ENDS.person_id, min(drug_exposure_start_date) as era_start_date, DATEADD(day,0, ENDS.era_end_date) as era_end_date
  from
  (
    select de.person_id, de.drug_exposure_start_date, MIN(e.END_DATE) as era_end_date
    FROM #drugTarget DE
    JOIN 
    (
      --cteEndDates
      select PERSON_ID, DATEADD(day,-1 * 0,EVENT_DATE) as END_DATE -- unpad the end date by 0
      FROM
      (
				select PERSON_ID, EVENT_DATE, EVENT_TYPE, 
				MAX(START_ORDINAL) OVER (PARTITION BY PERSON_ID ORDER BY event_date, event_type ROWS UNBOUNDED PRECEDING) AS start_ordinal,
				ROW_NUMBER() OVER (PARTITION BY PERSON_ID ORDER BY EVENT_DATE, EVENT_TYPE) AS OVERALL_ORD -- this re-numbers the inner UNION so all rows are numbered ordered by the event date
				from
				(
					-- select the start dates, assigning a row number to each
					Select PERSON_ID, DRUG_EXPOSURE_START_DATE AS EVENT_DATE, 0 as EVENT_TYPE, ROW_NUMBER() OVER (PARTITION BY PERSON_ID ORDER BY DRUG_EXPOSURE_START_DATE) as START_ORDINAL
					from #drugTarget D

					UNION ALL

					-- add the end dates with NULL as the row number, padding the end dates by 0 to allow a grace period for overlapping ranges.
					select PERSON_ID, DATEADD(day,0,DRUG_EXPOSURE_END_DATE), 1 as EVENT_TYPE, NULL
					FROM #drugTarget D
				) RAWDATA
      ) E
      WHERE 2 * E.START_ORDINAL - E.OVERALL_ORD = 0
    ) E on DE.PERSON_ID = E.PERSON_ID and E.END_DATE >= DE.DRUG_EXPOSURE_START_DATE
    GROUP BY de.person_id, de.drug_exposure_start_date
  ) ENDS
  GROUP BY ENDS.person_id, ENDS.era_end_date
) ERAS on ERAS.person_id = et.person_id 
WHERE et.start_date between ERAS.era_start_date and ERAS.era_end_date;

TRUNCATE TABLE #drugTarget;
DROP TABLE #drugTarget;


-- generate cohort periods into #final_cohort
with cohort_ends (event_id, person_id, end_date) as
(
	-- cohort exit dates
  -- By default, cohort exit at the event's op end date
select event_id, person_id, op_end_date as end_date from #included_events
UNION ALL
-- End Date Strategy
SELECT event_id, person_id, end_date from #strategy_ends

),
first_ends (person_id, start_date, end_date) as
(
	select F.person_id, F.start_date, F.end_date
	FROM (
	  select I.event_id, I.person_id, I.start_date, E.end_date, row_number() over (partition by I.person_id, I.event_id order by E.end_date) as ordinal 
	  from #included_events I
	  join cohort_ends E on I.event_id = E.event_id and I.person_id = E.person_id and E.end_date >= I.start_date
	) F
	WHERE F.ordinal = 1
)
select person_id, start_date, end_date
INTO #cohort_rows
from first_ends;

with cteEndDates (person_id, end_date) AS -- the magic
(	
	SELECT
		person_id
		, DATEADD(day,-1 * 0, event_date)  as end_date
	FROM
	(
		SELECT
			person_id
			, event_date
			, event_type
			, MAX(start_ordinal) OVER (PARTITION BY person_id ORDER BY event_date, event_type ROWS UNBOUNDED PRECEDING) AS start_ordinal 
			, ROW_NUMBER() OVER (PARTITION BY person_id ORDER BY event_date, event_type) AS overall_ord
		FROM
		(
			SELECT
				person_id
				, start_date AS event_date
				, -1 AS event_type
				, ROW_NUMBER() OVER (PARTITION BY person_id ORDER BY start_date) AS start_ordinal
			FROM #cohort_rows
		
			UNION ALL
		

			SELECT
				person_id
				, DATEADD(day,0,end_date) as end_date
				, 1 AS event_type
				, NULL
			FROM #cohort_rows
		) RAWDATA
	) e
	WHERE (2 * e.start_ordinal) - e.overall_ord = 0
),
cteEnds (person_id, start_date, end_date) AS
(
	SELECT
		 c.person_id
		, c.start_date
		, MIN(e.end_date) AS end_date
	FROM #cohort_rows c
	JOIN cteEndDates e ON c.person_id = e.person_id AND e.end_date >= c.start_date
	GROUP BY c.person_id, c.start_date
)
select person_id, min(start_date) as start_date, end_date
into #final_cohort
from cteEnds
group by person_id, end_date
;

DELETE FROM @target_database_schema.@target_cohort_table where cohort_definition_id = @target_cohort_id;
INSERT INTO @target_database_schema.@target_cohort_table (cohort_definition_id, subject_id, cohort_start_date, cohort_end_date)
select @target_cohort_id as cohort_definition_id, person_id, start_date, end_date 
FROM #final_cohort CO
;


-- BEGIN: Censored Stats

delete from @results_database_schema.cohort_censor_stats where cohort_definition_id = @target_cohort_id;

-- END: Censored Stats



-- Create a temp table of inclusion rule rows for joining in the inclusion rule impact analysis

select cast(rule_sequence as int) as rule_sequence
into #inclusion_rules
from (
  SELECT CAST(0 as int) as rule_sequence UNION ALL SELECT CAST(1 as int) as rule_sequence UNION ALL SELECT CAST(2 as int) as rule_sequence UNION ALL SELECT CAST(3 as int) as rule_sequence
) IR;


-- Find the event that is the 'best match' per person.  
-- the 'best match' is defined as the event that satisfies the most inclusion rules.
-- ties are solved by choosing the event that matches the earliest inclusion rule, and then earliest.

select q.person_id, q.event_id
into #best_events
from #qualified_events Q
join (
	SELECT R.person_id, R.event_id, ROW_NUMBER() OVER (PARTITION BY R.person_id ORDER BY R.rule_count DESC,R.min_rule_id ASC, R.start_date ASC) AS rank_value
	FROM (
		SELECT Q.person_id, Q.event_id, COALESCE(COUNT(DISTINCT I.inclusion_rule_id), 0) AS rule_count, COALESCE(MIN(I.inclusion_rule_id), 0) AS min_rule_id, Q.start_date
		FROM #qualified_events Q
		LEFT JOIN #inclusion_events I ON q.person_id = i.person_id AND q.event_id = i.event_id
		GROUP BY Q.person_id, Q.event_id, Q.start_date
	) R
) ranked on Q.person_id = ranked.person_id and Q.event_id = ranked.event_id
WHERE ranked.rank_value = 1
;

-- modes of generation: (the same tables store the results for the different modes, identified by the mode_id column)
-- 0: all events
-- 1: best event


-- BEGIN: Inclusion Impact Analysis - event
-- calculte matching group counts
delete from @results_database_schema.cohort_inclusion_result where cohort_definition_id = @target_cohort_id and mode_id = 0;
insert into @results_database_schema.cohort_inclusion_result (cohort_definition_id, inclusion_rule_mask, person_count, mode_id)
select @target_cohort_id as cohort_definition_id, inclusion_rule_mask, count_big(*) as person_count, 0 as mode_id
from
(
  select Q.person_id, Q.event_id, CAST(SUM(coalesce(POWER(cast(2 as bigint), I.inclusion_rule_id), 0)) AS bigint) as inclusion_rule_mask
  from #qualified_events Q
  LEFT JOIN #inclusion_events I on q.person_id = i.person_id and q.event_id = i.event_id
  GROUP BY Q.person_id, Q.event_id
) MG -- matching groups
group by inclusion_rule_mask
;

-- calculate gain counts 
delete from @results_database_schema.cohort_inclusion_stats where cohort_definition_id = @target_cohort_id and mode_id = 0;
insert into @results_database_schema.cohort_inclusion_stats (cohort_definition_id, rule_sequence, person_count, gain_count, person_total, mode_id)
select @target_cohort_id as cohort_definition_id, ir.rule_sequence, coalesce(T.person_count, 0) as person_count, coalesce(SR.person_count, 0) gain_count, EventTotal.total, 0 as mode_id
from #inclusion_rules ir
left join
(
  select i.inclusion_rule_id, count_big(i.event_id) as person_count
  from #qualified_events Q
  JOIN #inclusion_events i on Q.person_id = I.person_id and Q.event_id = i.event_id
  group by i.inclusion_rule_id
) T on ir.rule_sequence = T.inclusion_rule_id
CROSS JOIN (select count(*) as total_rules from #inclusion_rules) RuleTotal
CROSS JOIN (select count_big(event_id) as total from #qualified_events) EventTotal
LEFT JOIN @results_database_schema.cohort_inclusion_result SR on SR.mode_id = 0 AND SR.cohort_definition_id = @target_cohort_id AND (POWER(cast(2 as bigint),RuleTotal.total_rules) - POWER(cast(2 as bigint),ir.rule_sequence) - 1) = SR.inclusion_rule_mask -- POWER(2,rule count) - POWER(2,rule sequence) - 1 is the mask for 'all except this rule'
;

-- calculate totals
delete from @results_database_schema.cohort_summary_stats where cohort_definition_id = @target_cohort_id and mode_id = 0;
insert into @results_database_schema.cohort_summary_stats (cohort_definition_id, base_count, final_count, mode_id)
select @target_cohort_id as cohort_definition_id, PC.total as person_count, coalesce(FC.total, 0) as final_count, 0 as mode_id
FROM
(select count_big(event_id) as total from #qualified_events) PC,
(select sum(sr.person_count) as total
  from @results_database_schema.cohort_inclusion_result sr
  CROSS JOIN (select count(*) as total_rules from #inclusion_rules) RuleTotal
  where sr.mode_id = 0 and sr.cohort_definition_id = @target_cohort_id and sr.inclusion_rule_mask = POWER(cast(2 as bigint),RuleTotal.total_rules)-1
) FC
;

-- END: Inclusion Impact Analysis - event

-- BEGIN: Inclusion Impact Analysis - person
-- calculte matching group counts
delete from @results_database_schema.cohort_inclusion_result where cohort_definition_id = @target_cohort_id and mode_id = 1;
insert into @results_database_schema.cohort_inclusion_result (cohort_definition_id, inclusion_rule_mask, person_count, mode_id)
select @target_cohort_id as cohort_definition_id, inclusion_rule_mask, count_big(*) as person_count, 1 as mode_id
from
(
  select Q.person_id, Q.event_id, CAST(SUM(coalesce(POWER(cast(2 as bigint), I.inclusion_rule_id), 0)) AS bigint) as inclusion_rule_mask
  from #best_events Q
  LEFT JOIN #inclusion_events I on q.person_id = i.person_id and q.event_id = i.event_id
  GROUP BY Q.person_id, Q.event_id
) MG -- matching groups
group by inclusion_rule_mask
;

-- calculate gain counts 
delete from @results_database_schema.cohort_inclusion_stats where cohort_definition_id = @target_cohort_id and mode_id = 1;
insert into @results_database_schema.cohort_inclusion_stats (cohort_definition_id, rule_sequence, person_count, gain_count, person_total, mode_id)
select @target_cohort_id as cohort_definition_id, ir.rule_sequence, coalesce(T.person_count, 0) as person_count, coalesce(SR.person_count, 0) gain_count, EventTotal.total, 1 as mode_id
from #inclusion_rules ir
left join
(
  select i.inclusion_rule_id, count_big(i.event_id) as person_count
  from #best_events Q
  JOIN #inclusion_events i on Q.person_id = I.person_id and Q.event_id = i.event_id
  group by i.inclusion_rule_id
) T on ir.rule_sequence = T.inclusion_rule_id
CROSS JOIN (select count(*) as total_rules from #inclusion_rules) RuleTotal
CROSS JOIN (select count_big(event_id) as total from #best_events) EventTotal
LEFT JOIN @results_database_schema.cohort_inclusion_result SR on SR.mode_id = 1 AND SR.cohort_definition_id = @target_cohort_id AND (POWER(cast(2 as bigint),RuleTotal.total_rules) - POWER(cast(2 as bigint),ir.rule_sequence) - 1) = SR.inclusion_rule_mask -- POWER(2,rule count) - POWER(2,rule sequence) - 1 is the mask for 'all except this rule'
;

-- calculate totals
delete from @results_database_schema.cohort_summary_stats where cohort_definition_id = @target_cohort_id and mode_id = 1;
insert into @results_database_schema.cohort_summary_stats (cohort_definition_id, base_count, final_count, mode_id)
select @target_cohort_id as cohort_definition_id, PC.total as person_count, coalesce(FC.total, 0) as final_count, 1 as mode_id
FROM
(select count_big(event_id) as total from #best_events) PC,
(select sum(sr.person_count) as total
  from @results_database_schema.cohort_inclusion_result sr
  CROSS JOIN (select count(*) as total_rules from #inclusion_rules) RuleTotal
  where sr.mode_id = 1 and sr.cohort_definition_id = @target_cohort_id and sr.inclusion_rule_mask = POWER(cast(2 as bigint),RuleTotal.total_rules)-1
) FC
;

-- END: Inclusion Impact Analysis - person

TRUNCATE TABLE #best_events;
DROP TABLE #best_events;

TRUNCATE TABLE #inclusion_rules;
DROP TABLE #inclusion_rules;


TRUNCATE TABLE #strategy_ends;
DROP TABLE #strategy_ends;


TRUNCATE TABLE #cohort_rows;
DROP TABLE #cohort_rows;

TRUNCATE TABLE #final_cohort;
DROP TABLE #final_cohort;

TRUNCATE TABLE #inclusion_events;
DROP TABLE #inclusion_events;

TRUNCATE TABLE #qualified_events;
DROP TABLE #qualified_events;

TRUNCATE TABLE #included_events;
DROP TABLE #included_events;

TRUNCATE TABLE #Codesets;
DROP TABLE #Codesets;
"
